"text","material"
"Los travesaños repuestos en el asiento y respaldo indican que se trata de una pieza, que haya sido retapizada con tejidos antiguos. Las alteraciones en la pieza y el cepillado de la superficie indican que en el momento del retapizado ya debió de tener cierta antigüedad su estructura. El perfil de la chambrana frontal remite a otros ejemplares o en madera vista tallada, o bien a la silla de brazos chapeada con marfil y maderas exóticas, conservada en el Instituto de Valencia de Don Juan con Nº inv. I 4926, fechable en la primera mitad del siglo XVII [ver El mundo que vivió Cervantes (Cat. Exp.), 2005, Centro Cultural de la Villa, Madrid, 11.10.2005-08.01.2006, , Madrid, Sociedad Estatal de Conmemoraciones Culturales: 453; nº cat. 259, ficha de Casto Castellanos Ruiz, con inversión de la foto con la ficha siguiente].","http://data.silknow.org/vocabulary/214"
"Edad Moderna","http://data.silknow.org/vocabulary/214"
"Silla de brazos de madera de nogal sobre zapatas, con brazos rectos y chambrana frontal recortada en forma de balaustre con talla en bajorrelieve, la tapicería de terciopelo de seda carmesí.  
Estructura de montantes aserrados, los traseros con fuerte inclinación a partir de la altura del asiento, disminuyendo de grosor y con remate recortado en forma de ménsula. Ensamblados a caja y espiga con clavijas a los travesaños: sendas zapatas con sus testas redondeadas; dos travesaños traseros, el superior con su canto inferior recortado de forma lobulada. La chambrana frontal de una tabla recortada en forma de balaustre. Cintura corrida para el tapizado del asiento, los travesaños frontal y trasero de madera de pino (repuestos posteriores). El respaldo con sendos travesaños, el inferior de madera de pino (añadido posterior). Los brazos se enrollan al frente en forma de voluta y presentan vuelo lateral marcado del lado superior del recodadero, hacia el exterior.  
Decoración de talla de gubia en los montantes frontales y los remates de los montantes traseros, y de talla en bajorrelieve en la chambrana frontal. Toda la superficie de la estructura ha sido cepillada.  
Tapicería de asiento y respaldo al aire, con terciopelo de trama y urdimbre de color amarillo, y pelo carmesí, en el asiento provisto de lengüetas y de cinchas por debajo. Bordeados de cinta de pasamanería de hilo de seda carmesí y de hilo metálico. Al frente del asiento y en el canto inferior del respaldo, flecos de hilo metálico doblados por un trozo de tejido de damasco de seda carmesí. El respaldo también forrado de damasco de seda de color carmesí.  
Los clavos decorativos de latón (?) fundidos, con cabeza estrellada.  
Los montantes frontales con acanaladuras, boceladas en su parte inferior. Las ménsulas de remate del respaldo con moldado vertical. La chambrana frontal con cartucho oval central, flanqueado simétricamente por sendos motivos de roleos opuestos, rematados en pequeñas volutas, configurando una forma en H.","http://data.silknow.org/vocabulary/214"
"La voluta tallada en las caras exteriores de los brazos mucho más basta que en la pareja del asiento.  
Sobre el escudo: por la calidad de los cuarteles, se plantea la hipótesis de que este fuera el escudo de alguien de una familia real.","http://data.silknow.org/vocabulary/214"
"Estructura (elemento mobiliario): Edad Contemporánea   Tapicería (elemento mobiliario): Edad Moderna","http://data.silknow.org/vocabulary/214"
"Silla de brazos de madera de nogal sobre zapatas, con chambrana frontal calada de riñoncillos y brazos rectos; tapizada con fragmentos de terciopelo eclesiástico bordado antiguo, reutilizado.  
Estructura de montantes aserrados, formando las patas frontales y los apoyos del brazo, éstos torneados en forma de balaustre. Los montantes traseros formando patas y la parte del respaldo, inclinado y con remates recortados en forma de ménsula (presenta sendas reintegraciones de rebajos practicados en el lado trasero de la parte superior, a mitad de altura del tapizado del respaldo). Se ensamblan mediante caja y espiga con clavija a sendos travesaños inferiores laterales, con sus testas recortadas en oblicuo, formando las zapatas. Los brazos en forma de tabla ancha con rebajo al exterior, debajo del recodadero, que vuela, y con remate redondeado en forma de voluta (en el presente ejemplar el brazo no es de una sola pieza, sino la mitad inferior de las volutas al frente está unida mediante encolado). Ensamblaje de los elementos laterales mediante un travesaño trasero en forma de tabla con el canto inferior recortado, con la parte central menos ancha y sendos lóbulos en los extremos. La chambrana frontal en forma de tabla calada y con decoración de talla en bajorrelieve (a diferencia de su pareja, la presenta chambrana está compuesta de dos tablas y la superficie es mucho más lisa). Ambos ensamblados a caja y espiga y atornillados mediante sendos tornillos de hierro con las cabezas rectangulares, desmontables. Actualmente la estructura está fija a causa de la cintura corrida del asiento de madera de pino, y sendos travesaños formando la estructura del tapizado del respaldo, ambos al aire. Debajo de la cintura, tejido de forro de tafetán de algodón teñido de negro, cubriendo la estructura. Debajo del tejido del tapizado aparece tela de refuerzo de tafetán de fibra vegetal (mientras que en la pareja aparecen evidentes señales de un anterior tapizado con lengüetas, en el presente ejemplar no hay señales tan evidentes). El respaldo con tela de forro de tafetán de seda teñido de color carmesí, compuesto de varios fragmentos cosidos entre sí.  
Decoración de talla incisa de gubia en las testas de las zapatas y los remates del asiento, la chambrana frontal con talla calada y en bajorrelieve,   
El tapizado de tejido de terciopelo de seda de trama y urdimbre amarilla y pelo de color carmesí, formando el fondo para un bordado de aplicación de tafetán de seda de color amarillo con contornos bordados de hilo metálico, y de punto al matiz de hilos de seda de varios colores y de hilo metálico. Formando una decoración vegetal zoomorfa, heráldica y figurativa. En el canto inferior del respaldo, flecos largos de hilo metálico y de seda carmesí, alrededor del asiento flecos de hilo de seda rematados en borlas, dispuestos de modo escalonado.  
Clavos decorativos con cabezas de hierro (?) fundido en forma de roseta dispuesta en espiral.   
La estructura de madera presenta estriado en las testas de las zapatas y los remates del asiento. La chambrana frontal calada con un riñoncillo en los extremos de los cantos superior e inferior, bordeados de una moldura que las une en el eje vertical y bordea el contorno de la chambrana; al centro un motivo calado de campo central rectangular con los lados laterales rematados en arco en cortina, motivo que se repite a mitad en los extremos del eje central horizontal. Voluta tallada en las caras exteriores de los remates de los brazos.  
El tejido bordado del tapizado con motivo heráldico en el asiento y figura de santo en el respaldo, ambos motivos inscritos en cartucho circular y rodeados de representaciones zoomorfas del repertorio de los grutescos, inscritos en un campo rectangular. El motivo heráldico partido, con torre de un castillo a la derecha y sendos flores-de-lis a la izquierda, sujeto por sendos leones rampantes afrontados, que miran hacia fuera, rodeados de hojas de acanto enrollados, dispuestos simétricamente. El respaldo representa en el cartucho central provisto de elementos enrollados un busto de una figura de santo coronado por aureola y sujetando una espada, atributo de San Pablo.","http://data.silknow.org/vocabulary/214"
"Posiblemente  retapizada en el Museo. La chambrana frontal parece repuesta ya que no coincide su posición y anchura con el campo rectangular frontal central ni con el cajeado para el ensamblaje con la chambrana.","http://data.silknow.org/vocabulary/214"
"Silla de brazos de madera de nogal, de patas aserradas, con montantes frontales constituyendo patas y apoyo del brazo, los traseros inclinados a partir del asiento, con remate redondeado. Asiento y respaldo tapizado al aire de terciopelo de seda verde, con los detalles realizados en hilo de seda de color amarillo.  
Estructura de montantes aserrados formando las patas y también los apoyos del brazo. La estructura del respaldo es inclinada y con remates redondeados (pata trasera derecha con señales de antiguo ataque de xilófagos). Ensamblajes de caja y espiga con clavija con los travesaños. Sendos travesaños laterales inferiores con recorte lobulado en forma de sendas S tumbadas en sus cantos inferiores. Presenta cintura corrida de madera de pino. Los brazos rectos con remates redondeados, presentando ligero vuelo hacia el exterior de la parte del recodadero, debido al rebajo de la parte inferior de sus caras exteriores. Un travesaño inferior trasero en forma de tabla recortada y calada, la chambrana frontal sólo calada (rotura con falta de material en el canto inferior, a la izquierda; desencaje del ensamblaje con el montante derecho; los cajeados en los montantes son más anchos que la chambrana). Los ensamblajes de éstos fijados con clavijas muy grandes de sección rectangular, en el lado derecho aparece descentrado, al lado de otra clavija más pequeña. A la altura del respaldo, sendos travesaños de madera de pino, el inferior más ancho (ambos añadidos posteriores).  
Guarnición directa de asiento y respaldo con terciopelo de seda verde, liso y otro presentando decoración en reserva formando los campos centrales, el respaldo con lengüetas, el asiento sin ellos (presentando señales de haber sido provisto de ellos anteriormente, siendo éste reforzado mediante cinchas de fibra vegetal). El respaldo forrado de dos fragmentos de tafetán de seda  verde cosidos entre sí, los hilos parcialmente presentando zonas amarillas. El tejido del respaldo está encolado sobre los montantes, el del asiento claveteado por debajo de la cintura. El respaldo guarnecido en los laterales por cinta de pasamanería de hilo de oro - los mismos bordeando el campo central del asiento - y el canto inferior del respaldo mediante flecos de hilo de oro.   
Decoración de talla en bajorrelieve en los montantes frontales, la cara exterior de los remates de los brazos y la chambrana frontal, que además presenta calado, como el travesaño trasero. Talla incisa de gubia en los montantes frontales.  
Clavos decorativos de latón , alternando cabezas de forma almendrada con otras en forma de rosetas.  
Los montantes frontales con tres campos rectangulares alargados con sus cantos moldados - el central más corto coincidiendo con la anchura de la chambrana - y una estría a lo largo de su campo central. La chambrana frontal con sendos riñoncillos en los extremos de los cantos superior e inferior, y en el eje central horizontal un campo hexagonal irregular con los lados en forma de arco en cortina, calado, repitiéndose el motivo por la mitad en los extremos del eje central, sin calar. El espacio entre éstos y los riñoncillos con moldura de toro entrecruzado. El travesaño trasero con el mismo campo central calado, y recorte lobulado a la altura de los riñoncillos de la chambrana frontal.","http://data.silknow.org/vocabulary/214"
"Tapicería (elemento mobiliario): Edad Moderna   Estructura (elemento mobiliario): Edad Contemporánea","http://data.silknow.org/vocabulary/214"
"Figura masculina de madera policromada atornillada a una base de madera que parece sentada sobre un rollo de soga. Se encuentra vestida con una chaqueta de tafetán de fibra vegetal en su color natural tostado, las partes delanteras van forradas en tafetán de algodón estampado con motivos geométricos en blanco y amarillo sobre fondo marrón oscuro. Las faldillas traseras van forradas en tafetán de algodón a rayas azules, la espalda no se encuentra forrada. Posee una camisa de tafetán de lino de color crudo, sin mangas con cuello recto y botón. Aparece una faja en la cintura de sarga de seda en color rojo. Pantalón en tafetán de lino de color gris, anudado por debajo de las rodillas con cintas de seda de color crudo, tiene abertura delantera y trasera que se cierran con costura. Medias de punto de media en algodón de color blanco. Alpargatas de yute con cordón trenzado en espiguilla de algodón de color negro.","http://data.silknow.org/vocabulary/214"
"Edad Contemporánea   Edad Moderna","http://data.silknow.org/vocabulary/214"
"Rococó","http://data.silknow.org/vocabulary/628"
"Prenda masculina de busto con cuello a la caja, sin mangas, entallada, con abertura frontal con botonadura forrada oculta y bolsillos de tapilla. Los delanteros, que terminan en pequeños faldones, están realizados con tejido de de lamé de plata y por su interior están forrados con tafetán de seda marfil. El espaldar está compuesto de dos piezas de tafetán de lino unidas longitudinalmente por el centro de la prenda dejando una pequeña abertura en la parte inferior. La decoración que se localiza en el perímetro de los delanteros, en las tapillas de los bolsillos y en los botones, combina ramos sinuosos, flores y motivos perlados y está realizada mediante bordado de aplicación, utilizándose hilos de canutillo de plata sobredorada, lentejuelas y espejuelos.","http://data.silknow.org/vocabulary/628"
"Donación González Abreu al Museo de Bellas Artes de Sevilla en 1928.","http://data.silknow.org/vocabulary/627"
"Estola realizada en terciopelo cincelado con efecto de reserva en seda de color granate burdeos con decoración a base de ramos florales con pequeños frutos que se suceden en bandas de manera alternada y contrapeada. En el centro de la banda aparece una cruz griega confeccionada con galón dorado de pasamanería de motivo geométrico con el que se contornea también el perímetro de las puntas. Coincidiendo con la zona en contacto con el cuello, presenta sobrepuesta una tira de refuerzo de tafetán de lino de baja densidad, rematada por la parte exterior con línea de vainica y estrecha puntilla de encaje de bolillos. Forro compuesto por tres piezas de tejido de lino de color parduzco ligeramente encerado.","http://data.silknow.org/vocabulary/627"
"Donación González Abreu al Museo de Bellas Artes de Sevilla en 1928.","http://data.silknow.org/vocabulary/627"
"Manípulo realizado en terciopelo cincelado con efecto de reserva en seda de color granate burdeos con decoración a base de ramos florales con pequeños frutos que se suceden en bandas de manera alternada y contrapeada. En el centro de la banda aparece una cruz griega confeccionada con galón dorado de pasamanería de motivo geométrico con el que se contornea también el perímetro de las puntas. Forro compuesto de tafetán de lino de color parduzco ligeramente encerado. En el centro cordón trenzado de seda beige, blanca y rosa, cuyos extremos se unen en una borla presentando además presilla de ajuste.","http://data.silknow.org/vocabulary/627"
"Manípulo realizado con seis piezas de tejido compuesto con fondo de raso de seda de color granate y decoración de tramas lanzadas de hilo tipo muestra de plata sobredorada, con las que se forma la ornamentación de carácter vegetal a base de cardos y granadas que cubre la superficie. En el centro de la banda aparece una cruz latina confeccionada con galón de plata sobredorada mientras los extremos inferiores de la pieza están decorados con sendos galones dorados de pasamanería, de los que el inferior es ligeramente más ancho y rematado con flecadura. En la zona central de cada una de las caídas se han aplicado galones trenzados de seda granate e hilo entorchado rematados con borlas con los que se cierra la pieza formando una presilla. Forro de tafetán de seda de color granate.","http://data.silknow.org/vocabulary/627"
"Estola realizada con seis piezas de tejido compuesto con fondo de raso de seda de color granate y decoración de tramas lanzadas de hilo tipo muestra de plata sobredorada, con las que se forma la ornamentación de carácter vegetal a base de cardos y granadas que cubre la superficie. En el centro de la banda aparece una cruz latina confeccionada con galón de plata sobredorada mientras los extremos inferiores de la pieza están decorados con sendos galones dorados de pasamanería, de los que el inferior, es ligeramente más ancho y rematado con flecadura. Forro de tafetán de seda de color granate.","http://data.silknow.org/vocabulary/627"
"Manípulo realizado con cinco piezas de tejido compuesto con fondo de raso de seda de color granate y decoración de tramas lanzadas de hilo tipo muestra de plata sobredorada, con las que se forma la ornamentación de carácter vegetal a base de cardos y granadas que cubre la superficie. En el centro de la banda aparece una cruz latina confeccionada con galón de plata sobredorada, mientras los extremos inferiores de la pieza están decorados con sendos galones dorados de pasamanería, de los que el inferior es ligeramente más ancho y rematado con flecadura. En la zona central de cada una de las caídas se han aplicados galones trenzados de seda granate e hilo entorchado rematados con borlas con los que se cierra la pieza formando una presilla. Forro de tafetán de seda de color granate.","http://data.silknow.org/vocabulary/627"
"Manípulo realizado con tres piezas de tejido compuesto con fondo de Gros de Tours en seda de color verde y tramas de lamé de plata y decoración de tramas lanzadas de hilo entorchado de plata sobredorada con alma de seda amarilla. La ornamentación de carácter vegetal a base de pequeños ramos florales aislados se dispone al tresbolillo por toda la superficie. En el centro de la banda aparece una cruz griega confeccionada con galón dorado de pasamanería de motivo geométrico con el que se contornea también el perímetro de las puntas y se realiza el aspa que une las dos bandas de la pieza, cerrándola y formando la presilla por la que se introduce el brazo. Forro formado por tres piezas de tejido Gros de Tours en seda de color verde.","http://data.silknow.org/vocabulary/627"
"De forma cuadrada realizado por la cara anterior con tejido base de Gros de Tours de seda de color beige cuya superficie aparece bordada con la técnica de matizado con sedas lasas beige, rosa, azul, amarillo y blanco y la de hilos tendidos con hilos de plata sobredorada tipo muestra, cordoncillo y camaraña y laminilla dorada. La decoración se dispone en torno a un gran florón central desarrollándose de forma simétrica a base de flores, palmetas, hojas y roleos. El perímetro está rodeado por un cordoncillo de plata sobredorada.  
Para la cara posterior se ha utilizado un tejido base de tafetán de seda de color beige que aparece bordado con la técnica de matizado con sedas lasas beige, rosa, azul, amarillo, verde y blanco y la de hilos tendidos de plata sobredorada tipo muestra y cordoncillo. La decoración de carácter naturalista parte de una pequeña flor con ráfagas situada en el centro de la pieza alrededor de la cual se dispone una decoración a base de ramos de flores con lazos, hojas y roleos que se entrecruzan entre si.   
El interior de la pieza está forrado con tejido de tafetán de rayón de color verde.","http://data.silknow.org/vocabulary/627"
"De forma cuadrada realizado por la cara anterior con tejido base de Gros de Tours de seda de color beige cuya superficie aparece bordada con la técnica de matizado con sedas lasas beige, rosa, azul, amarillo y blanco y la de hilos tendidos con hilos de plata sobredorada tipo muestra, cordoncillo y camaraña y laminilla dorada. La decoración se dispone en torno a un gran florón central desarrollándose de forma simétrica a base de flores, palmetas, hojas y roleos. El perímetro está rodeado por un cordoncillo de plata sobredorada.  
Para la cara posterior se ha utilizado un tejido base de tafetán de seda de color beige que aparece bordado con la técnica de matizado con sedas lasas beige, rosa, azul, amarillo, verde y blanco y la de hilos tendidos de plata sobredorada tipo muestra y cordoncillo. La decoración de carácter naturalista parte de una pequeña flor con ráfagas situada en el centro de la pieza alrededor de la cual se dispone una decoración a base de ramos de flores con lazos, hojas y roleos que se entrecruzan entre si.   
El interior de la pieza está forrado con tejido de tafetán de rayón de color verde.","http://data.silknow.org/vocabulary/628"
"Manípulo realizado con seis piezas de tejido compuesto con acanalado de seda de color marfil y decoración de tramas lanzadas y espolinadas en sedas polícromas y en hilo de plata tipo muestra, con las que se forma la ornamentación de carácter floral que cubre la superficie. En el centro de la banda aparece una cruz griega confeccionada con galón dorado de pasamanería. Pequeñas costuras unen las dos tiras de la pieza cerrándola y formando la presilla por la que se introduce el brazo. Forro compuesto por dos piezas de tafetán de lino de color marfil ligeramente encerado.","http://data.silknow.org/vocabulary/627"
"Manípulo realizado con seis piezas de tejido compuesto con acanalado de seda de color marfil y decoración de tramas lanzadas y espolinadas en sedas polícromas y en hilo de plata tipo muestra, con las que se forma la ornamentación de carácter floral que cubre la superficie. En el centro de la banda aparece una cruz griega confeccionada con galón dorado de pasamanería. Pequeñas costuras unen las dos tiras de la pieza cerrándola y formando la presilla por la que se introduce el brazo. Forro compuesto por dos piezas de tafetán de lino de color marfil ligeramente encerado.","http://data.silknow.org/vocabulary/628"
"Manípulo realizado con seis piezas de tejido compuesto con acanalado de seda de color marfil y decoración de tramas lanzadas y espolinadas en sedas polícromas y en hilo de plata tipo muestra, con las que se forma la ornamentación de carácter floral que cubre la superficie. En el centro de la banda aparece una cruz griega confeccionada con galón dorado de pasamanería con el que se contornea también el perímetro de las puntas. Pequeñas costuras unen las dos tiras de la pieza cerrándola y formando la presilla por la que se introduce el brazo. Forro compuesto por cuatro piezas de tafetán de lino de color marfil ligeramente encerado.","http://data.silknow.org/vocabulary/627"
"Manípulo realizado con seis piezas de tejido compuesto con acanalado de seda de color marfil y decoración de tramas lanzadas y espolinadas en sedas polícromas y en hilo de plata tipo muestra, con las que se forma la ornamentación de carácter floral que cubre la superficie. En el centro de la banda aparece una cruz griega confeccionada con galón dorado de pasamanería con el que se contornea también el perímetro de las puntas. Pequeñas costuras unen las dos tiras de la pieza cerrándola y formando la presilla por la que se introduce el brazo. Forro compuesto por cuatro piezas de tafetán de lino de color marfil ligeramente encerado.","http://data.silknow.org/vocabulary/628"
"Prenda de cabeza de forma semicircular realizada con dos piezas de tejido, la menor colocada en sentido transversal, con ligamento de seda de color salmón con decoración realizada en seda azul, verde, blanca e hilos metálicos de plata y plata sobredorada. La decoración principal se reparte alternándose en bandas, en las que se suceden los ramos vegetales en azul y blanco con león rampante en hilo dorado, con otras en las que aparece el mismo ramo vegetal en este caso verde y un ave empenachada en hilo de plata. Los espacios resultantes se completan con pequeñas ramitas con hojas y frutos que se alternan según la hilera con ovejas adornadas con lazo y pequeños jabalíes.   
La prenda aparece rematada perimetralmente por puntilla de encaje tipo Puntos de España realizada con hilo metálico de plata sobredorada.","http://data.silknow.org/vocabulary/628"
"Cubrecáliz realizado con una sola pieza de tejido de lampás con fondo de tafetán de seda marfil y decoración a base de tramas lanzadas en seda verde y marrón y espolinadas en sedas polícromas e hilo metálico de plata sobredorada y lámina también dorada, con las que se crean diversos efectos ornamentales. La decoración que cubre por completo la superficie, se desarrolla a partir de un eje longitudinal de simetría situado en el centro de la pieza donde se sitúa un conjunto vegetal con granadas, flores y hojas que aparece rodeado de guirnaldas de uvas, hojas de parra y motivos florales.  
El interior está cubierto de tejido de tafetán de algodón.","http://data.silknow.org/vocabulary/627"
"Cubrecáliz realizado con seis piezas de tejido Pequín en el que se combinan bandas verticales de motivos de dirección contrapuesta en terciopelo cortado y tramas de lamé de plata, que se separan entre sí por estrechas hileras de sarga de seda de color marfil. La decoración alterna diminutos y esquemáticos ramitos florales con motivos geométricos en V. El interior está forrado con tejido de tafetán de seda de color marfil.","http://data.silknow.org/vocabulary/628"
"Manga de vestido de imagen de terciopelo cincelado de color granate, decorado con estrechas franjas en las que se alterna el terciopelo liso y el anillado, presentando este último un motivo en zigzag. Bocamanga decorada con aplicación de puntilla de bolillos tipo Puntos de España, realizada con hilo y lámina de plata sobredorada con motivo de florones. Forro interior de tafetán de seda de color beige.","http://data.silknow.org/vocabulary/627"
"Traje de Virgen compuesto de jubón y saya realizados en tejido Gros de Tours de seda de color naranja con tejido interior de refuerzo en tafetán de lino y decoración bordada en hilos metálicos de plata y plata sobredorada en la que se combina el punto trevesado, hilos tendidos, nudos y setillos. Forro interior en tafetán de seda verde.   
El jubón presenta escote redondo a la caja con volante de encaje de bolillos de carácter mecánico, manga larga y cuerpo corto y ajustado, con punta en el centro del borde inferior y abrochadero en la espalda con ojetes y cordón trenzado de seda verde. En el centro del delantero, bordado simétrico con águila bicéfala coronada rodeada por una orla vegetal formada por flores, hojas y roleos. En la mangas ramos florales diferentes, uno de ellos con granadas.   
La saya está compuesta por cinco piezas de tejido, es larga, con cinturilla tableada con abertura parcial a la espalda y con vivo al borde que se prolonga a modo de cinta para cerrar la prenda. Pequeños ramos con flores y granadas iguales a los del jubón se disponen en bandas por toda la superficie, haciéndose más espesa junto al borde inferior. Un galón de plata remata el borde inferior de la saya.","http://data.silknow.org/vocabulary/627"
"Traje de Virgen compuesto de jubón y saya realizados en tejido Gros de Tours de seda de color naranja con tejido interior de refuerzo en tafetán de lino y decoración bordada en hilos metálicos de plata y plata sobredorada en la que se combina el punto trevesado, hilos tendidos, nudos y setillos. Forro interior en tafetán de seda verde.   
El jubón presenta escote redondo a la caja con volante de encaje de bolillos de carácter mecánico, manga larga y cuerpo corto y ajustado, con punta en el centro del borde inferior y abrochadero en la espalda con ojetes y cordón trenzado de seda verde. En el centro del delantero, bordado simétrico con águila bicéfala coronada rodeada por una orla vegetal formada por flores, hojas y roleos. En la mangas ramos florales diferentes, uno de ellos con granadas.   
La saya está compuesta por cinco piezas de tejido, es larga, con cinturilla tableada con abertura parcial a la espalda y con vivo al borde que se prolonga a modo de cinta para cerrar la prenda. Pequeños ramos con flores y granadas iguales a los del jubón se disponen en bandas por toda la superficie, haciéndose más espesa junto al borde inferior. Un galón de plata remata el borde inferior de la saya.","http://data.silknow.org/vocabulary/628"
"El bordado barroco se convirtió en un arte eminentemente decorativo utilizado como símbolo de poder al servicio de los postulados del concilio de Trento, contribuyendo con la riqueza de ornamentos a dar una mayor majestuosidad a las celebraciones litúrgicas.","http://data.silknow.org/vocabulary/627"
"Barroco","http://data.silknow.org/vocabulary/627"
"Casulla de raso blanco toda decorada con bordado de aplicación a realce conseguido por varios estratos de lana y tafetán de lino, empleando sedas polícromas e hilos de oro. El bordado está realizado con puntos de matiz, al pasado y oro tendido y aplicaciones de perlitas, cordoncillos, lentejuelas y láminas metálicas. Lleva adornos de galones igualmente bordados en hilos de oro sobre soporte de pergamino. En el delantero de la casulla el diseño ornamental está formado por un gran cáliz con los símbolos eucarísticos: espigas y uvas. En la parte trasera destaca la paloma del Espíritu Santo y el pelícano. El forro es de tafetán de lino crudo y raso ocre.","http://data.silknow.org/vocabulary/627"
"Estola confeccionada con tejido de raso de seda de color marfil reforzado interiormente con tafetán de lino y rematada por los bordes laterales con una cinta de seda beige de tejido acanalado tipo Lousine. La superficie se cubre con decoración bordada al pasado plano con punto al matiz en sedas lasas en distintas tonalidades de marrón, azul, verde y amarillo y en metal de hilos tendidos, hojuelas y lentejuelas, combinándose distintas tipologías de hilos como el muestra, el camaraña y el giraspe en azul y beige. La ornamentación se extiende por toda la cinta en forma de rama florida serpenteante repitiéndose tres variedades de flor. Las puntas, presentan en el centro una cruz con motivos vegetales y finos roleos y por el borde greca perimetral bordada, que alterna hilos tipo muestra y camaraña con hojuelas. La zona del cuello está reforzada con una banda de tejido de tafetán de seda color marfil que que protege la mitad de la cara anterior volviéndose hacia el reverso. Presenta forro de raso del mismo color.  
  
Esta pieza es el resultado de una adaptación posterior, en la que se han reaprovechado fragmentos de dos estolas diferentes, concretamente la banda corresponde a una y las puntas trapezoidales a otra. Puede apreciarse que están cofeccionadas con tejidos diferentes, los motivos decorativos están cortados en la zona de unión y los materiales y técnicas también son distintos.  
  
Esta estola forma conjunto con la DE983B.","http://data.silknow.org/vocabulary/627"
"Paño cuadrangular confeccionado con tejido de terciopelo de seda de color verde botella decorado con bordado de aplicación de temática heráldica realizado combinando tejidos de tafetán de seda en ocre y marfil y bordado de hilos tendidos de plata sobredorada y al pasado plano con hilos de seda en verde y beige. En el centro, se dispone una cartela con lambrequines en cuyo centro aparece un escudo partido, armado con corona de marqués y con aguila coronada, explayada y acolada.  En el de la diestra y sobre fondo de oro, pueden verse cinco hojas de sinople. En el de la siniestra, sobre fondo de oro, tres fajas probablemente de gules. Rodeando el motivo central, una greca tambien de aplicación con dos cintas serpenteantes entrelazadas adornadas con roleos en hilos entorchados.  
A lo largo del borde superior e inferior se han añadido,  posiblemente en época posterior, dos bandas de terciopelo estampillado con motivos de losanges con flores de lis inscritas, la inferior más ancha. Rematando el perímetro, un galón de seda verde e hilos dorados.  
Por el reverso, forro de tafetán de cáñamo.  
  
Forma juego con las piezas DE996B y DE997B.","http://data.silknow.org/vocabulary/627"
"Arte Asiático   Dinastía Qing [1644-1911]","http://data.silknow.org/vocabulary/214"
"Abanico de pantalla o ""pien-mien"".  
Abanico de pantalla, denominado ""pien-mien"", ver: BENNETT, Anna G. : Unfolding Beauty. The Art Of The Fan. Boston, Thames and Hudson, 1988, p. 13.  
Hace pareja con el Inv. 21.637  
A diferencia de los otros abanicos orientales, éste no está destinado a la exportación. Posiblemente sea un abanico de uso ceremonial.  
Formó parte del Gabinete de Historia Natural de Carlos III (1776).  
  
La traducción de la inscripción aparece en  op. cit. en bibliografía : EZQUERRA DEL BAYO, Joaquín: Exposición de El abanico en España...p. 88 y dice; ""Una flor olorosa atrae a la mariposa. Escrito en Otoño de 1776"".  
  
 Bibliografía:   
-EZQUERRA DEL BAYO, Joaquín: Exposición de El abanico en España. Catálogo General Ilustrado. Madrid, Sociedad Española de Amigos del Arte, 1920, p. 88, nº 390 y lám. LXVII.   
  
 Bibliografía comparada:  
-Aleteos, Colección de abanos do Museo Provincial de Lugo .Lugo. Diputación Provincial de Lugo, 2002, p.36, nº 3.  
- HUTT, Julia: ""Chinese fans from China"" en FANS from the east. London, Debrett´s Peerage, 1978, p. 31, nº 4.  
- MERINO DE CÁCERES, Maruja. ""Abanicos: lacas de abrir y cerrar"" en ASIA en las colecciones reales del Museo Nacional de Artes Decorativas [exposición].Cantabria, Santillana del Mar, Fundación Santillana, 2000, p.141 .  
- MERINO DE CÁCERES, Maruja: Orientals fans in the National Museum of Decorative Arts in Madrid. En: FANS, The Bulletin of Fan Circle International. Londres, 2007, nº 85 pp. 22-29.  
  
  
  
  
  
  
  
  
  
  
  
  
  
  
  
  
Abanico de pantalla o  ""pien-mien"".  
A diferencia de los otros abanicos orientales, éste no está destinado a la exportación.   
Posiblemente sea un abanico de uso ceremonial.  
  
Bibliografía:  
- MERINO DE CÁCERES, Maruja: Orientals fans in the National Museum of Decorative Arts in Madrid. En: FANS, The Bulletin of Fan Circle International. Londres, 2007, nº 85 pp. 22-29.  
- EZQUERRA DEL BAYO, Joaquín: Exposición de El abanico en España. Catálogo General Ilustrado, 1920, Sociedad Española de Amigos del Arte, p. 88 y lám. LXVII, nº 390.","http://data.silknow.org/vocabulary/214"
"Abanico fijo de pantalla o ""pien-mien"".  
  
En forma de palma.La base es de tafetán de tela teñida  en azul añil con pintura a la aguada y  oro, pegada a una fibra vegetal rígida (propia de China).  
Tiene pasadas horizontales de lino. La estructura de la parte inferior (llega hasta la mitad), es de madera pintada con oro.   
El filo superior es de lino.  
Mango de hueso calado y grabado con dos anillos pintados de negro. Cuelgan hilos de seda en color rojo, con un pequeño trabajo de pasamanería (hilos trenzados).  
  
Cara: decoración vegetal con flores y cuatro mariposas volando. En la parte superior, una inscripción china con letras doradas alusiva a un árbol;  seis columnas flanqueadas por  un sello (posiblemente la firma del calígrafo) y una hoja (al parecer de artemisa).  
En el revés, sin decoración. Tan sólo un motivo vegetal en la base junto al mango.  
  
Mango con motivos geométricos.","http://data.silknow.org/vocabulary/214"
"Imagen de Cristo crucificado de tres clavos, muerto, con  la cabeza coronada de espinas inclinada sobre la parte derecha del pecho, paño de pureza que rodea y se ajusta al cuerpo recogiéndose en ambos costados, con nudos de los que cuelga formando pliegues, cruz latina  con cartela rectangular con inscripción que se clava en la parte superior del larguero.  
El cuerpo  está bordado al realce con la técnica al pasado, en seda lasa de distintos colores actualmente muy decolorados, utilizándose punto de matiz y de hábito. Este bordado se ha ejecutado sobre una base preparada con materiales interiores de relleno con los que se consigue el relieve de la figura, pudiéndose apreciar de abajo a arriba los siguientes estratos: lienzo de tafetán de lino, cartón fino de color blanco, dos capas de tejido de tafetán de lana de color amarillo, crin de caballo y tafetán de lino sobre el que se han practicado las puntadas y en el que puede verse, merced  a las abundantes pérdidas de los hilos de bordado,  el dibujo  subyacente que sirve de guía apreciándose un esquemático estudio anatómico de la figura.   
Por su parte la cruz está realizada con la técnica de bordado en metal plano de hilos tendidos que combinan distintos efectos decorativos con los que se consigue los efectos de volumen, realizados con hilos metálicos de plata sobredorada aplicados igual que en el caso anterior sobre una base compuesta con los siguientes materiales de relleno: tejido de tafetán de lino, cartón fino de color blanco, tafetán de lino y para los cantos además, pasadas de hilos de cáñamo de torsión ""Z"". El perímetro de la pieza está contorneada con un haz de hilos de lino de color rojo, sujetos con punto de hábito, mientras la corona de espinas está bordada con cordoncillo de color verde.","http://data.silknow.org/vocabulary/627"
"Medallón bordado en oro y sedas de colores, con representación de San Roque, santo protector de la peste, con la iconografía propia del mismo.  Se dispone de pie y viste túnica azul y manto rojizo; con una mano sujeta el bordón de peregrino, mientras que con la otra levanta sus ropas y deja al descubierto toda su pierna derecha, para mostrar sus llagas. Un ángel de pequeñas proporciones se inclina ante él y le cura las heridas. A la derecha del santo se sitúa un perro con un pan en la boca. La escena se desarrolla en medio de paisaje rocoso y con montañas al fondo, bajo un cielo azul.  
Rodea la representación una ancha cenefa de tipo renacentista, constituida por círculos y roleos enlazados.  
Aplicado a un tejido de fondo, debió formar parte de algún ornamento o paño litúrgico.","http://data.silknow.org/vocabulary/627"
"Renacimiento","http://data.silknow.org/vocabulary/627"
"Medallón bordado en oro y sedas de colores, con representación del Misterio de la Anunciación. La Virgen María se sitúa a la izquierda, arrodillada en un reclinatorio, con una mano sobre un libro abierto y la mirada baja en actitud de recogimiento, y se vuelve hacia el arcángel San Gabriel, dispuesto a la derecha. Sobre la Virgen se sitúa el Espíritu Santo en forma de paloma. Un jarrón de azucenas, símbolo de la virginidad de María, sirve de eje a la composición.   
La escena va rodeada por ancha cenefa de tipo renacentista.","http://data.silknow.org/vocabulary/627"
"Renacimiento","http://data.silknow.org/vocabulary/627"
"Chaqueta de paño marrón con escote redondo a la caja y abertura total en el centro del delantero con adorno de veinte botones troncocónicos de pasamanería. Las mangas japonesas llevan abertura en la bocamanga, adornada ésta con galón y cordoncillo de pasamanería en hilo de oro y catorce botones de cascabel metálicos. Forro de damaco amarillo con bolsillos de parche en damasco rojo, rematados por galón rojo de seda y oro. Decoración con galones en las hojas delanteras y motivos geométricos y lacería en mangas y hombros","http://data.silknow.org/vocabulary/627"
"Forma parte junto con las piezas E03043, E02995 y E03120 y E07195 de un disfraz de albanés que lució el conde de Eu, hijo del infante duque de Montpensier, en la fiesta de disfraces que organizaron en Madrid los condes de Fernán Núñez. Este disfraz está documentado en la pintura DE01359b, obra de Leopoldo Sánchez del Bierzo.","http://data.silknow.org/vocabulary/627"
"Prenda de busto realizada en tejido Gros de Tours en seda de color azul cobalto con tramas lanzadas de lamé de plata. Su forma es semicircular con pequeña escotadura en la parte posterior del cuello y con los picos delanteros levemente prolongados a modo de pequeñas caídas de vértices redondeados. La decoración se forma mediante la aplicación de cintas de recorrido ondulante, bordeadas por puntillas de encaje torchón con motivos de grandes hojas. Para las cintas que discurren en torno al cuello y al borde inferior se ha utilizado el mismo tejido azul de lamé de plata mientras que para la que bordea perimetralmente la prenda, se ha utilizado tejido de raso de color verde claro, perfilado por la parte superior con estrecho galón de tafetán de seda amarillo ligeramente desflecado. Sobre ellas y a intervalos regulares pequeños madroños realizados con sedas polícromas. Parejas de tres lazos de raso de seda salmón ribeteados con puntilla se disponen a cada lado de la abertura del delantero y otro en el centro de la parte posterior del cuello.  
El interior de la prenda está forrado con tejido de tafetán de seda de color rosa.","http://data.silknow.org/vocabulary/628"
"De forma cuadrada con armazón interior de cartón cubierto por tejido de tafetán de seda de color verde con decoración bordada con la técnica de hilos tendidos realizada con láminas de plata y plata sobredorada, hilos tipo muestra y canutillo igualmente de plata y plata sobredorada y lentejuelas de distintos tamaños y con formas redondas y floreadas. Sobre el fondo e inscrito en fina orla, se coloca un jarrón con gran palma central flanqueada por dos ramas que caen  hacia la base, como único motivo decorativo y que ocupa toda la superficie.  El reverso está cubierto por tejido de tafetán de lino de color blanco.","http://data.silknow.org/vocabulary/628"
"De forma cuadrada realizada con armazón interior de cartón cubierto por su cara anterior de damasco de seda granate con decoración bordada con la técnica de hilos tendidos al realce y plano, en la que se emplean  hilos de plata y plata sobredorada tipo muestra, cordoncillo y canutillo,  así como lámina dorada y lentejuelas. Igualmente para los detalles se emplean pequeñas puntadas de seda negra y naranja. Sobre un fondo sembrado de lentejuelas e inscrito en una doble orla se dispone el motivo principal, el Agnus Dei, que aparece rodeado por motivos florales. El reverso aparece cubierto por un forro de tafetán de lino.","http://data.silknow.org/vocabulary/627"
"De forma cuadrada realizada con armazón interior de cartón cubierto por su cara anterior de damasco de seda granate con decoración bordada con la técnica de hilos tendidos al realce y plano, en la que se emplean  hilos de plata y plata sobredorada tipo muestra, cordoncillo y canutillo,  así como lámina dorada y lentejuelas. Igualmente para los detalles se emplean pequeñas puntadas de seda negra y naranja. Sobre un fondo sembrado de lentejuelas e inscrito en una doble orla se dispone el motivo principal, el Agnus Dei, que aparece rodeado por motivos florales. El reverso aparece cubierto por un forro de tafetán de lino.","http://data.silknow.org/vocabulary/628"
"Corpiño de cuerpo corto y ajustado, sin mangas, con escote de pico y abertura frontal con ojetes. La prenda está confeccionada con tres piezas de tejido de terciopelo de seda de color Burdeos que se unen entre sí en los hombros y en los costadillos de la espalda. Además lleva un estrecho galón dorado que bordea el cuello y los delanteros ocultando además las costuras de los costadillos. Puede verse también un cordoncillo igualmente en hilo de oro, que discurre por la abertura frontal. Cosido al borde inferior del cuerpo, presenta un faldellín de tafetán de lino, tejido que se utiliza también para el forro del interior.","http://data.silknow.org/vocabulary/627"
"Edad Contemporánea","http://data.silknow.org/vocabulary/627"
"Edad Contemporánea","http://data.silknow.org/vocabulary/627"
"Corpiño de cuerpo corto y ajustado, sin mangas, con escote de pico y abertura frontal con ojetes. La prenda está confeccionada con cinco piezas de tejido con fondo de terciopelo cortado de seda de color morado con decoración en reserva en lamé de oro a base de ramas de vid con hojas y uvas que caen sobre una sucesión de palmeras. Además lleva un galón dorado que bordea el cuello y los delanteros y un cordoncillo también en hilo de oro, que discurre por escote y delanteros y que oculta las costuras de los costadillos. Cosido al borde inferior del cuerpo, presenta un faldellín de tafetán de lino. El interior está forrado igualmente con tafetán de lino, reforzándose la zona de los ojetes con un tafetán estampado con pequeños motivos florales colocados al tresbolillo.","http://data.silknow.org/vocabulary/627"
"Edad Contemporánea","http://data.silknow.org/vocabulary/627"
"Corpiño de seda granate con fondo gros de tours decoración brocada en hilo de plata sobredorada en forma de rama florida. Presenta cuerpo corto y ajustado sin mangas, con escote redondo bajo, abertura frontal cerrada con ojetes y faldellín de tafetán de lino.","http://data.silknow.org/vocabulary/627"
"Corpiño de cuerpo corto y ajustado, sin mangas, con escote de pico y abertura frontal con ojetes. La prenda está confeccionada con cinco piezas de tejido compuesto, con fondo de Gros de Tours en seda amarilla con decoración de tramas lanzadas en el mismo color, con motivos de cintas de bordes ondulados rellenas de círculos y distintos tipos de dameados combinados con pequeñas florecillas. La decoración se completa con ramas de recorrido sinuoso con grandes flores y capullos realizas con sedas  en verde, marfil, rosa y granate e hilos de plata espolinados.  Además lleva cosido al borde inferior del cuerpo, un faldellín de tafetán de seda de color ocre. Por su parte el forro interior es de tafetán de lino.","http://data.silknow.org/vocabulary/628"
"Edad Contemporánea","http://data.silknow.org/vocabulary/628"
"Estola realizada con cinco piezas de tejido compuesto con base de damasco de seda de color beige y decoración de tramas lanzadas en hilo de seda beige, rosa y amarillo, con las que se forma la ornamentación de carácter vegetal a base grandes hojas, flores y ramas que cubre la superficie. En el centro de la banda y de cada una de las puntas aparecen aplicadas cruces griegas realizadas con galón dorado de pasamanería, de motivo geométrico realizado con seda amarilla, hilo de plata sobredorada tipo muestra y lámina de plata sobredorada. Remata los extremos inferiores, galón con corta flecadura listada de seda beige y granate. Forro compuesto de seis piezas de tafetán de lino de color beige ligeramente encerado sobre el que se disponen cruces de pasamanería en idéntica ubicación que las de la cara anterior. A lo largo de la banda y a ambos lados de la cruz central aparece manuscrita la siguiente inscripciÓN.: a la izquierda ´LONGITUDO SSmi. SEPULCHRI´, a la derecha ´Dni. Nri. JESU CHRISTI. 1751.´","http://data.silknow.org/vocabulary/628"
"Estola realizada con cinco piezas de tejido compuesto con base de damasco de seda de color beige y decoración de tramas lanzadas en hilo de seda beige, rosa y amarillo, con las que se forma la ornamentación de carácter vegetal a base grandes hojas, flores y ramas que cubre la superficie. En el centro de la banda y de cada una de las puntas aparecen aplicadas cruces griegas realizadas con galón dorado de pasamanería, de motivo geométrico realizado con seda amarilla, hilo de plata sobredorada tipo muestra y lámina de plata sobredorada. Remata los extremos inferiores, galón con corta flecadura listada de seda beige y granate. Forro compuesto de seis piezas de tafetán de lino de color beige ligeramente encerado sobre el que se disponen cruces de pasamanería en idéntica ubicación que las de la cara anterior. A lo largo de la banda y a ambos lados de la cruz central aparece manuscrita la siguiente inscripciÓN.: a la izquierda ´LONGITUDO SSmi. SEPULCHRI´, a la derecha ´Dni. Nri. JESU CHRISTI. 1751.´","http://data.silknow.org/vocabulary/627"
"fragment de faixa masculina de les denominades  ""faixes de Kontusz""","http://data.silknow.org/vocabulary/628"
"Punt manual.
Matèria : seda i làmina d'argent entorxada, ànima de seda, blanca.
Punt llis a dos colors alternats formant bastes pel revés. Per estar tallat pels quatre costats no es pot dir si va ser treballat en plà o bé en circular.
Densitat : 8 malles/cm; 8 passades/cm.","http://data.silknow.org/vocabulary/628"
"Fragment dividit en dos registres horitzontals de color verd, salmó i marró, a l'interior des quals es troba una decoració geomètrica realitzada en fil d'argent.","http://data.silknow.org/vocabulary/628"
"conserva un voraviu","http://data.silknow.org/vocabulary/214"
"Monograma de Crist dins d'un sol radiat, amb el cap de quatre serafins al voltant i sanefes de motiu vegetal emmarcant el tema.","http://data.silknow.org/vocabulary/627"
"Monograma de Crist dins d'un sol radiat, amb el cap de quatre serafins al voltant i sanefes de motiu vegetal emmarcant el tema.","http://data.silknow.org/vocabulary/214"
"Es tracta de 2 teixits engantxats i cosits.","http://data.silknow.org/vocabulary/627"
"Es tracta segurament d'un fragment de cobrellit, tapís de pared o d'un recobriment d'arca de fusta. Aquest tipus de teixits es feien en motiu de cerimonies importants.","http://data.silknow.org/vocabulary/214"
"Es tracta segurament d'un fragment de cobrellit, tapís de pared o d'un recobriment d'arca de fusta. Aquest tipus de teixits es feien en motiu de cerimonies importants.","http://data.silknow.org/vocabulary/214"
"conserva 1 voraviu","http://data.silknow.org/vocabulary/628"
"Segons la fitxa de la col·lecció Viñas aquesta peça és part del teixit original a partir del qual es van fer les reproduccions del segle XIX (reg.5755 i reg.33) , però hi ha la possibilitat de que aquest teixit sigui també ell una de les reproduccions fetes en aquell moment.

Una d'aquestes còpies es trova documentada a la col•lecció Manuel Gómez-Moreno. La fitxa de la peça surt publicada en el projecte: ""A la luz de la seda"", té el núm. de catàleg: 867, i diu: “Don Manuel Gómez-Moreno hace las siguientes anotaciones en este tejido: Imitación lionesa de tejido bagdadí, hecha a mediados del siglo XIX. Con ella se fabricó una capa que se vendió en Italia, Ancona, y se deshizo. Otro fragmento en la Alhambra. No lleva oro, sino metal que ennegreció. Semejante a uno de la colección Errera del que se copió, el cual tiene oro. Véase la ficha del Museo de la Alhambra R2801, que perteneció también a la Colección de Manuel Gómez-Moreno.”","http://data.silknow.org/vocabulary/627"
"Conserva els dos voravius","http://data.silknow.org/vocabulary/627"
"Imatge seriada de l'escena de l'Anunciació de l'àngel a Maria dins d'un emmarcament rectangular.","http://data.silknow.org/vocabulary/214"
"Monograma de Crist dins d'un sol radiat, amb el cap de quatre serafins al voltant i sanefes de motiu vegetal emmarcant el tema.","http://data.silknow.org/vocabulary/627"
"Monograma de Crist dins d'un sol radiat, amb el cap de quatre serafins al voltant i sanefes de motiu vegetal emmarcant el tema.","http://data.silknow.org/vocabulary/214"
"Teixit d\'estil bizarre.","http://data.silknow.org/vocabulary/627"
"Descripció tècnica a partir de les peces del Covent de San Lorenzo del Escorial, núm. 10050177 i 10051222 (dossier ""Jornades sobre sederies bizarres"", Madrid, setembre 2000) :
. denominació: Domàs gros de Tours à liage repris, amb treball de trama liseré i trama espolinada
. construcció interna : fons de setí de 8 e.3, decoració en gros de Tours de 2 fils. Treball de les trames en efecte liseré i espolinat sobre el fons setí, lligades en sarja de 3, S, per 1 de cada 6 fils de l'ordit.
. ordit: organzina, S. densitat : 120 fils/cm
. trama: trama de fons : fil de seda; trama decoració: fil d'or entorxat sobre fil doble de seda groga, S + fil d'or arrissat + sedes en diferents colors; proporció 2/1 i densitat : 17-15 passades/cm
. ample de peça: 55,5 cm comptant els dos voravius
. total de fils d'ordit: 6672
. núm. de mallons: 840
. altres mides: alt de la fulla de decoració : 14 cm; distancia de fulla a fulla 11,5 cm; distancia de trompeta a trompeta : 34 cm","http://data.silknow.org/vocabulary/627"
"Teixit d'estil bizarre.","http://data.silknow.org/vocabulary/627"
"Descripció tècnica a partir de les peces del Covent de San Lorenzo del Escorial, capa pluvial núm. 10050177 i capa pluvial 10051222 (dossier ""Jornades sobre sederies bizarre, Madrid, setembre 2000):
. denominació: Domàs gros de Tours à liage repris, amb treball de trama liseré i trama espolinada
. construcció interna: fons de setí de 8 e.3, decoració en gros de Tours de 2 fils. Treball de les trames en efecte liseré i espolinat sobre el fons setí, lligades en sarja de 3, S, per 1 de cada 6 fils de l'ordit.
. ordit: organzina, S.densitat: 120 fils/cm
. trama : trama de fons : fil de seda; trama decoració: fil d'or entorxat sobre fil doble de seda groga, S + fil d'or arrissat + sedes en diferents colors; proporció 2/1 i densitat : 17-15 passades/cm
. ample de peça : 55,5 cm tenint en compte els dos voravius
. total de fils d'ordit : 6672
. núm. de mallons : 840
. altres mides : alt de la fulla de decoració : 14 cm; distancia de fulla a fulla 11,5 cm; distancia de trompeta a trompeta : 34 cm","http://data.silknow.org/vocabulary/627"
"conserva els dos voravius","http://data.silknow.org/vocabulary/627"
"conserva els 2 voravius","http://data.silknow.org/vocabulary/627"
"conserva els 2 voravius","http://data.silknow.org/vocabulary/628"
"Fragment de teixit de seda amb trama d'or. Decoració formada per elements florals disposats a quatre camins alternant flors amb fil de seda i fulles vegetals amb fil d'or.","http://data.silknow.org/vocabulary/627"
"conserva 2 voravius","http://data.silknow.org/vocabulary/214"
"Teixit amb la representació de la resurreció de Crist, amb la seva figura triomfant rodejada de serafins sobre el sepulcre buit i dos soldats romans al terra. Emmarcament lateral de sanefa amb petits motius florals.","http://data.silknow.org/vocabulary/214"
"Monograma de Crist dins d'un sol radiat, amb el cap de quatre serafins al voltant i sanefes de motiu vegetal emmarcant el tema.","http://data.silknow.org/vocabulary/627"
"Monograma de Crist dins d'un sol radiat, amb el cap de quatre serafins al voltant i sanefes de motiu vegetal emmarcant el tema.","http://data.silknow.org/vocabulary/214"
"conserva 1 voraviu","http://data.silknow.org/vocabulary/214"
"Decoració destinada a indumentària o parament litúrgic amb la representació alterna en sentit vertical, d'un serafí i del monograma de Crist.","http://data.silknow.org/vocabulary/214"
"conserva els 2 voravius","http://data.silknow.org/vocabulary/627"
"Teixit de seda decorat amb trames de fil d’or entorxat procedent de la illa de Solo a l’arxipèlag de la Sonda (Java). Segons el venedor de la peça (tal com recull la fitxa de la colecció Viñas) es tracta de un “kain kapala” : xal utilitzat com a lligadura de cap, però aquets tipus de teixit acostuma a tenir un format quadrat i no porta fils metàl•lics en la seva decoració.","http://data.silknow.org/vocabulary/627"
"Kain pandjang procedent de l'illa de Djokdja (arxipèlag de la Sonda / Indonesia)","http://data.silknow.org/vocabulary/627"
"Escena amb la representació de la Mare de Déu inserida a una màndorla radiada en el moment previ a la seva Assumpció oferint el seu cíngol a sant Tomàs, acompanyen la escena àngels i serafins. Al centre del sepulcre es llegeix dins d’un medalló i en lletres capitals: “ASS / UNTA / EST”.","http://data.silknow.org/vocabulary/214"
"Fragment de teixit igual al del folre del taüd d'Enric I, del seu enterrament al Monestir de Las Huelgas, però amb els fils d'ordit de diferent tonalitat.","http://data.silknow.org/vocabulary/627"
"conserva 1 dels voravius","http://data.silknow.org/vocabulary/627"
"Conserva el voraviu del costat esquerra.
- vellut tallat llavorat de 1 cos, brocat","http://data.silknow.org/vocabulary/627"
"Teixit d'estil bizarre.","http://data.silknow.org/vocabulary/627"
"Peça similar però no idèntica a CDMT núm 04474, 004475 i 16883
Presenta mateix disseny però invertit en quant disposició així com petites variacions en el conjunt dels motius.

Descripció tècnica a partir de les peces del Covent de San Lorenzo del Escorial, núm. 10050177 i 10051222 (dossier ""Jornades sobre sederies bizarreµ, Madrid, setembre 2000) :
- denominació : Domàs gros de Tours à liage repris, amb treball de trama liseré i trama espolinada
- construcció interna : fons de setí de 8 e.3, decoració en gros de Tours de 2 fils. Treball de les trames en efecte liseré i espolinat sobre el fons setí, lligades en sarja de 3, S, per 1 de cada 6 fils de l'ordit.
- ordit : organzina, S. densitat : 120 fils/cm
- trama : trama de fons : fil de seda; trama decoració: fil d'or entorxat sobre fil doble de seda groga, S + fil d'or arrissat + sedes en diferents colors; proporció 2/1 i densitat : 17-15 passades/cm
- ample de peça : 55,5 cm comptant els dos voravius
- total de fils d'ordit : 6672
- núm. de mallons : 840
- altres mides : alt de la fulla de decoració : 14 cm; distancia de fulla a fulla 11,5 cm; distancia de trompeta a trompeta : 34 cm
- conserva un voraviu.","http://data.silknow.org/vocabulary/627"
"conserva un dels voravius","http://data.silknow.org/vocabulary/627"
"Faixa masculina de les denominades ""faixes de Kontusz""","http://data.silknow.org/vocabulary/214"
"conserva un dels voravius","http://data.silknow.org/vocabulary/627"
"Fragment d'una banda amb la representació d'una font d'on surten dues grans fulles, al seu voltant hi ha decoració floral.·A la part inferior hi ha una petita sanefa on es repeteix el motiu d'una fulla. Segurament a la part superior es repetia aquesta mateixa sanefa.","http://data.silknow.org/vocabulary/214"
"Tafetà de lli.
ORDIT: 27 fils per cm.
TRAMA: 29 passades per cm.","http://data.silknow.org/vocabulary/214"
"Fragment d'una banda on apareixen diferents motius que es van repetint: dos aus que intenten aconseguir els fruits d'un arbre i un arbre amb un drac. Els arbres possiblement podrien ser representacions de l'arbre de la vida.","http://data.silknow.org/vocabulary/214"
"Tafetà de lli.
ORDIT:19 fils per cm.
TRAMA:21 passades per cm.","http://data.silknow.org/vocabulary/214"
"Tafetà de lli.
ORDIT: 19 fils per cm.
TRAMA: 21 passades per trama.","http://data.silknow.org/vocabulary/214"
"Fragment de banda on apareix la representació d'un animal fantàstic i, possiblement l'arbre de la vida.","http://data.silknow.org/vocabulary/214"
"Tafetà de lli.
ORDIT:19 fils per cm.
TRAMA: 21 passades per cm.","http://data.silknow.org/vocabulary/214"
"Fragment d'una banda on apareix la representació d'un animal fantàstic i, possiblement l'arbre de la vida.","http://data.silknow.org/vocabulary/214"
"Fragment de banda on apareix la representació d'un animal fantàstic i, possiblement, l'arbre de la vida.","http://data.silknow.org/vocabulary/214"
"Fragment d'una banda rectangular que presenta tres sanefes: a dalt i a baix, unes sanefes estretes amb motius vegetals. Al centre, una sanefa ampla amb animals fantàstics i la representació del que segurament és l'arbre de la vida.","http://data.silknow.org/vocabulary/214"
"Fragment de banda rectangular que presenta com a decoració animals fantàstics afrontats, i la representacions del que segurament és l'arbre de la vida.","http://data.silknow.org/vocabulary/214"
"Fragment de banda rectangular que presenta com a decoració motius vegetals.","http://data.silknow.org/vocabulary/214"
"Fragment de banda rectangular que presenta com a decoració motius vegetals.","http://data.silknow.org/vocabulary/214"
"Fragment de banda que presenta decoració de fulles entrellaçades.","http://data.silknow.org/vocabulary/214"
"Fragment de banda formada per tres sanefes; la primera i la última presenten la repetició d'uns peixos(?). La central, molt més gran que les dues anteriors, presenta dos ocells i dos peixos(?) alternats. A dalt i a baix, també presenta els mateixos elements però més petits.","http://data.silknow.org/vocabulary/214"
"Tafetà de lli.","http://data.silknow.org/vocabulary/214"
"Fragment de banda que presenta una sanefa central amb decoració vegetal estilitzada. A dalt i a baix té una sanefa estreta amb motius geomètrics i vegetals.","http://data.silknow.org/vocabulary/214"
"conserva 1 dels voravius","http://data.silknow.org/vocabulary/627"
"conserva un dels voravius","http://data.silknow.org/vocabulary/627"
"Fragment de banda que presenta una decoració central de motius vegetals, emmarcada per dues sanefes estretes amb elements també vegetals.","http://data.silknow.org/vocabulary/214"
"Fragment de banda que presenta una decoració central de motius vegetals estilitzats que es van repetint de forma simétrica. Està emmarcada per una petita sanefa d'elements també vegetals.","http://data.silknow.org/vocabulary/214"
"Fragment de banda que presenta una sanefa central que ocupa la major part del teixit. Aquesta mostra diferents motius geomètrics dels quals en destaca un quadrat amb una estrella de 8 puntes al seu interior. Està emmarcat, per dalt i per baix, d'una sanefa més petita també amb motius geomètrics.","http://data.silknow.org/vocabulary/214"
"Banda que presenta un motiu vegetal estilitzat emmarcat per rombes, que es van repetin al llarg del teixit. El fons és de color cru i els elements són brodats en blau.","http://data.silknow.org/vocabulary/214"
"Tafetà de lli .
ORDIT: 16 fils per cm.
TRAMA: 15 passades per cm.","http://data.silknow.org/vocabulary/214"
"Banda en disposició de fris. Es troben representats ocells de gran mida, coronats i amb les ales desplegades, situats enfront d'un arbre de la vida col·locat sobre un gran gerro, als peus del qual trobem dues aus de mida més reduïda. Aquest conjunt es repeteix al llarg de la banda, quedant separat cada grup per un motiu de tipus geomètric. Per sobre i per sota del motiu central es repeteix una sanefa amb un motiu floral estilitzat.","http://data.silknow.org/vocabulary/214"
"Fragment de banda formada per una sanefa central, emmarcada per dalt i per baix per una sanefa més estreta amb motius vegetals.·La sanefa central presenta dos ocells afrontats que flanquegen la representació del que podria ser l'arbre de la vida, alternant-se amb una altra representació de l'arbre de la vida. Aquests dos motius es van repetint al llarg del teixit.","http://data.silknow.org/vocabulary/214"
"Fragment de banda","http://data.silknow.org/vocabulary/214"
"conserva un voraviu.","http://data.silknow.org/vocabulary/214"
"conserva 1 voraviu","http://data.silknow.org/vocabulary/214"
"conserva un voraviu","http://data.silknow.org/vocabulary/214"
"conserva un dels voravius","http://data.silknow.org/vocabulary/214"
"conserva els 2 voravius?","http://data.silknow.org/vocabulary/214"
"conserva 1 voraviu","http://data.silknow.org/vocabulary/214"
"Decoració destinada a indumentària o parament litúrgic amb la representació alterna en sentit vertical, d'un serafí i del monograma de Crist.","http://data.silknow.org/vocabulary/214"
"Pot ser part d'uns tirants","http://data.silknow.org/vocabulary/214"
"conserva els 2 voraviu","http://data.silknow.org/vocabulary/214"
"conserva els 2 voravius","http://data.silknow.org/vocabulary/214"
"conserva 1 voraviu","http://data.silknow.org/vocabulary/214"
"conserva 1 voraviu","http://data.silknow.org/vocabulary/214"
"conserva 1 voraviu","http://data.silknow.org/vocabulary/214"
"conserva fragments de voraviu","http://data.silknow.org/vocabulary/628"
"conserva fragments de voraviu","http://data.silknow.org/vocabulary/627"
"conserva 1 voraviu","http://data.silknow.org/vocabulary/628"
"conserva 1 voraviu","http://data.silknow.org/vocabulary/627"
"conserva 1 voraviu","http://data.silknow.org/vocabulary/214"
"conserva els 2 voravius","http://data.silknow.org/vocabulary/214"
"conserva restes de 1 voraviu","http://data.silknow.org/vocabulary/214"
"conserva restes de 1 voraviu","http://data.silknow.org/vocabulary/214"
"conserva els 2 voravius","http://data.silknow.org/vocabulary/214"
"conserva 1 voraviu","http://data.silknow.org/vocabulary/214"
"conserva voravius?","http://data.silknow.org/vocabulary/214"
"conserva els 2 voravius","http://data.silknow.org/vocabulary/214"
"conserva els 2 voravius","http://data.silknow.org/vocabulary/214"
"conserva 1 voraviu","http://data.silknow.org/vocabulary/214"
"conserva 1 voraviu","http://data.silknow.org/vocabulary/214"
"conserva els 2 voravius?","http://data.silknow.org/vocabulary/214"
"conserva 1 voraviu","http://data.silknow.org/vocabulary/214"
"conserva els 2 voravius","http://data.silknow.org/vocabulary/214"
"-conserva fragments dels voravius","http://data.silknow.org/vocabulary/214"
"conserva 1 voraviu","http://data.silknow.org/vocabulary/214"
"conserva 1 voraviu","http://data.silknow.org/vocabulary/214"
"conserva els 2 voravius","http://data.silknow.org/vocabulary/214"
"conserva voravius. ample de peça: 56 cm","http://data.silknow.org/vocabulary/628"
"conserva fragmets de 1 voraviu","http://data.silknow.org/vocabulary/214"
"conserva 1 voraviu?","http://data.silknow.org/vocabulary/214"
"conserva 1 voraviu","http://data.silknow.org/vocabulary/214"
"Teixit que per la seva forma devia ser el collaret d'un conjunt d'indumentària litúrgica.","http://data.silknow.org/vocabulary/214"
"conserva 1 voraviu","http://data.silknow.org/vocabulary/214"
"Brocatell bicolor, vermell i groc, amb trama de fibra vegetal i ordit de seda. Decoració de motius animals i elements vegetals estilitzats, disposats en simetria.","http://data.silknow.org/vocabulary/214"
"Adomassat bicolor, decoració de medallons de forma ogival que contenen en el seu interior parelles d'ocells enfrontades a un arbre de la vida. S'han representat corones en els punts de connexió de les cintes que formen els medallons.","http://data.silknow.org/vocabulary/214"
"conserva 1 voraviu","http://data.silknow.org/vocabulary/214"
"conserva 1 voraviu","http://data.silknow.org/vocabulary/214"
"conserva 1 voraviu","http://data.silknow.org/vocabulary/214"
"conserva 1 voravius","http://data.silknow.org/vocabulary/214"
"Teixit que per la seva forma devia ser part de l'estola d'un conjunt d'indumentària litúrgica.","http://data.silknow.org/vocabulary/214"
"conserva 1 voraviu","http://data.silknow.org/vocabulary/214"
"conserva els 2 voravius (?)","http://data.silknow.org/vocabulary/214"
"conserva 1 voraviu","http://data.silknow.org/vocabulary/214"
"conserva els 2 voravius","http://data.silknow.org/vocabulary/214"
"conserva 1 voraviu","http://data.silknow.org/vocabulary/214"
"conserva 1 voraviu","http://data.silknow.org/vocabulary/214"
"conserva 2 voravius","http://data.silknow.org/vocabulary/214"
"conserva 2 voravius","http://data.silknow.org/vocabulary/214"
"conserva els 2 voravius","http://data.silknow.org/vocabulary/214"
"conserva 1 fragment de voraviu","http://data.silknow.org/vocabulary/214"
"conserva 1 voraviu","http://data.silknow.org/vocabulary/214"
"conserva 1 voraviu","http://data.silknow.org/vocabulary/214"
"conserva fragments dels voravius","http://data.silknow.org/vocabulary/214"
"conserva els voravius","http://data.silknow.org/vocabulary/214"
"Fragment de teixit que correspon al conjunt del frontal d'altar (reg.4220) i collaret (reg.20894), amb el monograma de María envoltat d'ocells i lleons sobre un fons de decoració vegetal estilitzada","http://data.silknow.org/vocabulary/214"
"Fragment de teixit que correspon al conjunt del frontal d'altar (reg.4220) i collaret (reg.20894), amb el monograma de María envoltat d'ocells i lleons sobre un fons de decoració vegetal estilitzada","http://data.silknow.org/vocabulary/214"
"conserva 1 voraviu","http://data.silknow.org/vocabulary/214"
"conserva 1 voraviu","http://data.silknow.org/vocabulary/214"
"conserva els 2 voravius","http://data.silknow.org/vocabulary/214"
"conserva 1 voraviu","http://data.silknow.org/vocabulary/214"
"conserva 1 voraviu","http://data.silknow.org/vocabulary/214"
"conserva 1 voraviu","http://data.silknow.org/vocabulary/214"
"conserva 1 dels voravius","http://data.silknow.org/vocabulary/214"
"conserva 1 voraviu?","http://data.silknow.org/vocabulary/214"
"conserva 1 voraviu","http://data.silknow.org/vocabulary/214"
"conserva 1 voraviu","http://data.silknow.org/vocabulary/214"
"conserva 1 voraviu","http://data.silknow.org/vocabulary/214"
"conserva 1 voraviu","http://data.silknow.org/vocabulary/214"
"conserva 1 voraviu","http://data.silknow.org/vocabulary/214"
"conserva 1 voraviu","http://data.silknow.org/vocabulary/214"
"conserva un voraviu","http://data.silknow.org/vocabulary/214"
"conserva 1 voraviu?","http://data.silknow.org/vocabulary/214"
"conserva 1 voraviu","http://data.silknow.org/vocabulary/214"
"conserva 1 voraviu","http://data.silknow.org/vocabulary/214"
"conserva 1 voraviu","http://data.silknow.org/vocabulary/214"
"Possible fragment de frontal d'altar que conté el monograma de María envoltat d'ocells i lleons sobre un fons de decoració vegetal estilitzada","http://data.silknow.org/vocabulary/214"
"conserva 1 voraviu","http://data.silknow.org/vocabulary/214"
"conserva 1 voraviu","http://data.silknow.org/vocabulary/214"
"conserva 1 voraviu","http://data.silknow.org/vocabulary/214"
"conserva part dels 2 voravius","http://data.silknow.org/vocabulary/214"
"conserva 1 voraviu","http://data.silknow.org/vocabulary/214"
"conserva 1 voraviu","http://data.silknow.org/vocabulary/214"
"conserva 1 voraviu","http://data.silknow.org/vocabulary/214"
"conserva 1 voraviu","http://data.silknow.org/vocabulary/214"
"conserva 1 voraviu","http://data.silknow.org/vocabulary/214"
"conserva 1 voraviu","http://data.silknow.org/vocabulary/214"
"conserva 1 voraviu","http://data.silknow.org/vocabulary/214"
"conserva 1 voraviu","http://data.silknow.org/vocabulary/214"
"conserva 2 voravius","http://data.silknow.org/vocabulary/214"
"conserva 1 voraviu","http://data.silknow.org/vocabulary/214"
"conserva 1 voraviu","http://data.silknow.org/vocabulary/214"
"conserva 1 voraviu","http://data.silknow.org/vocabulary/214"
"conserva 1 voraviu","http://data.silknow.org/vocabulary/214"
"conserva voravius","http://data.silknow.org/vocabulary/214"
"conserva 1 voraviu","http://data.silknow.org/vocabulary/214"
"conserva fragments de 1 voraviu","http://data.silknow.org/vocabulary/214"
"conserva 1 voraviu","http://data.silknow.org/vocabulary/214"
"conserva 1 voraviu","http://data.silknow.org/vocabulary/214"
"conserva un voraviu i inclou una part confeccionada","http://data.silknow.org/vocabulary/214"
"conserva parts dels dos voravius, iguals als de peça núm.registre 20991","http://data.silknow.org/vocabulary/214"
"conserva 1 voraviu","http://data.silknow.org/vocabulary/214"
"conserva 1 voraviu","http://data.silknow.org/vocabulary/214"
"conserva els 2 voravius","http://data.silknow.org/vocabulary/214"
"conserva 1 voraviu","http://data.silknow.org/vocabulary/214"
"conserva els 2 voravius","http://data.silknow.org/vocabulary/214"
"conserva 1 voraviu","http://data.silknow.org/vocabulary/214"
"conserva 1 dels voravius","http://data.silknow.org/vocabulary/214"
"conserva fragments dels 2 voravius","http://data.silknow.org/vocabulary/214"
"conserva 1 voraviu","http://data.silknow.org/vocabulary/214"
"conserva fragments de voraviu","http://data.silknow.org/vocabulary/214"
"conserva 1 voraviu","http://data.silknow.org/vocabulary/214"
"Teixit que per la seva forma devia ser el collaret d'un conjunt d'indumentària litúrgica.","http://data.silknow.org/vocabulary/214"
"conserva 1 voraviu","http://data.silknow.org/vocabulary/214"
"conserva 1 voraviu","http://data.silknow.org/vocabulary/214"
"conserva 1 voraviu","http://data.silknow.org/vocabulary/214"
"conserva fragments de 1 voraviu","http://data.silknow.org/vocabulary/214"
"conserva 1 voraviu","http://data.silknow.org/vocabulary/214"
"conserva restes dels 2 voravius","http://data.silknow.org/vocabulary/214"
"conserva restes de 1 voraviu","http://data.silknow.org/vocabulary/214"
"conserva fragments de 1 voraviu?","http://data.silknow.org/vocabulary/214"
"conserva 1 voraviu","http://data.silknow.org/vocabulary/214"
"conserva 1 voraviu
- foto dels revers de la peça","http://data.silknow.org/vocabulary/214"
"Fragment que segurament formava part d'una peça d'indumentària ja que inclou 2 traus.","http://data.silknow.org/vocabulary/214"
"conserva els 2 voravius","http://data.silknow.org/vocabulary/214"
"conserva 1 voraviu","http://data.silknow.org/vocabulary/214"
"conserva 1 voraviu","http://data.silknow.org/vocabulary/214"
"conserva 1 voraviu","http://data.silknow.org/vocabulary/214"
"conserva 1 voraviu","http://data.silknow.org/vocabulary/214"
"conserva els 2 voravius","http://data.silknow.org/vocabulary/214"
"conserva 1 voraviu","http://data.silknow.org/vocabulary/214"
"conserva 1 voraviu","http://data.silknow.org/vocabulary/214"
"conserva els 2 voravius","http://data.silknow.org/vocabulary/214"
"conserva els 2 voravius","http://data.silknow.org/vocabulary/214"
"conserva 1 voraviu","http://data.silknow.org/vocabulary/214"
"conserva els 2 voravius","http://data.silknow.org/vocabulary/214"
"conserva els 2 voravius","http://data.silknow.org/vocabulary/214"
"teixit format per 2 fragments.
conserva els dos voravius","http://data.silknow.org/vocabulary/214"
"teixit format per dos fragments units.
conserva els dos voravius","http://data.silknow.org/vocabulary/214"
"conserva 2 voravius","http://data.silknow.org/vocabulary/214"
"conserva els 2 voravius","http://data.silknow.org/vocabulary/214"
"conserva 1 dels voravius","http://data.silknow.org/vocabulary/214"
"conserva els 2 voravius","http://data.silknow.org/vocabulary/214"
"conserva 1 voravius","http://data.silknow.org/vocabulary/214"
"conserva fragments dels 2 voravius, iguals als de la peça núm.registre 437","http://data.silknow.org/vocabulary/214"
"conserva 1 voraviu","http://data.silknow.org/vocabulary/214"
"conserva 1 voraviu","http://data.silknow.org/vocabulary/214"
"conserva fragments de voraviu","http://data.silknow.org/vocabulary/214"
"conserva 1 voraviu","http://data.silknow.org/vocabulary/214"
"conserva 1 voraviu","http://data.silknow.org/vocabulary/214"
"conserva 1 voraviu","http://data.silknow.org/vocabulary/214"
"conserva restes de 1 voraviu","http://data.silknow.org/vocabulary/214"
"conserva fragments de 1 voraviu","http://data.silknow.org/vocabulary/214"
"conserva fragments de 1 voraviu","http://data.silknow.org/vocabulary/214"
"conserva 1 voraviu?","http://data.silknow.org/vocabulary/214"
"conserva 1 voraviu","http://data.silknow.org/vocabulary/214"
"conserva 1 fragment de voraviu","http://data.silknow.org/vocabulary/214"
"conserva els 2 voravius","http://data.silknow.org/vocabulary/214"
"conserva fragments de voraviu","http://data.silknow.org/vocabulary/214"
"conserva 1 voraviu","http://data.silknow.org/vocabulary/214"
"conserva 2 voravius","http://data.silknow.org/vocabulary/214"
"conserva 1 voraviu","http://data.silknow.org/vocabulary/214"
"conserva els 2 voravius","http://data.silknow.org/vocabulary/214"
"conserva 1 voraviu","http://data.silknow.org/vocabulary/214"
"conserva els 2 voravius","http://data.silknow.org/vocabulary/214"
"conserva 2 voravius","http://data.silknow.org/vocabulary/214"
"conserva els 2 voravius","http://data.silknow.org/vocabulary/214"
"conserva els 2 voravius","http://data.silknow.org/vocabulary/214"
"conserva voravius","http://data.silknow.org/vocabulary/214"
"conserva 1 fragment de voraviu","http://data.silknow.org/vocabulary/214"
"conserva els 2 voravius","http://data.silknow.org/vocabulary/214"
"Tipus de domàs denominat ""domàs cafard"" que barreja l'ordit de seda amb la trama de fibra vegetal, segons hem trobat al Diccionari de l'Académie française en la seva 1ra edició de 1694 : On appelle, Damas caffart, Une sorte de damas meslé de soye & de fleuret. 
A un diccionari francés-castellà de 1803, es defineix com: especie de damasco de seda mezclada con hiladillo.
El llibre ""Les Etoffes. Dictionnaire historique"" (1994) el cita com: un tipus de domàs introduït a gran escala per Colbert al 1669 a imitació dels domassos orientals. Es podia fabricar en tres amples diferents i era destinat a tapisseria. Es fabricava a Châlons-sur-Marne i a Flandès, en concret a Tournai. Al segle XVIII el seu ample oscil•lava entre 0,66 i 0,59 mt”.","http://data.silknow.org/vocabulary/214"
"conserva 1 voraviu","http://data.silknow.org/vocabulary/214"
"conserva els 2 voravius","http://data.silknow.org/vocabulary/214"
"conserva els 2 voravius","http://data.silknow.org/vocabulary/214"
"conserva 2 voravius","http://data.silknow.org/vocabulary/214"
"conserva fragments del voraviu","http://data.silknow.org/vocabulary/214"
"conserva fragments de 1 voraviu","http://data.silknow.org/vocabulary/214"
"conserva 2 voravius","http://data.silknow.org/vocabulary/214"
"conserva els 2 voravius","http://data.silknow.org/vocabulary/214"
"conserva 2 voravius","http://data.silknow.org/vocabulary/214"
"conserva fragments dels 2 voravius","http://data.silknow.org/vocabulary/214"
"conserva els 2 voravius","http://data.silknow.org/vocabulary/214"
"conserva 1 voraviu","http://data.silknow.org/vocabulary/214"
"conserva els 2 voravius","http://data.silknow.org/vocabulary/214"
"conserva els 2 voravius","http://data.silknow.org/vocabulary/214"
"conserva 2 voravius","http://data.silknow.org/vocabulary/214"
"conserva 1 voraviu","http://data.silknow.org/vocabulary/214"
"conserva 1 voraviu?","http://data.silknow.org/vocabulary/214"
"Brocatell amb galó metàl·lic a tot el perímetre","http://data.silknow.org/vocabulary/214"
"conserva 2 voravius","http://data.silknow.org/vocabulary/214"
"conserva 1 voraviu","http://data.silknow.org/vocabulary/214"
"conserva fragments dels 2 voravius","http://data.silknow.org/vocabulary/214"
"conserva els 2 voravius","http://data.silknow.org/vocabulary/214"
"Conserva els dos voravius","http://data.silknow.org/vocabulary/214"
